[{"name":"None Supplied","email":"None Supplied","read":0,"usage":0,"funct":0,"comment":"no comments we indicated.","time":"2016-01-02T22:53:42.226Z"},{"name":"None Supplied","email":"None Supplied","read":0,"usage":0,"funct":0,"comment":"no comments we indicated.","time":"2016-01-02T22:55:10.845Z"},{"name":"None Supplied","email":"None Supplied","read":0,"usage":0,"funct":0,"comment":"no comments we indicated.","time":"2016-01-02T22:55:39.760Z"},{"name":"None Supplied","email":"None Supplied","read":0,"usage":0,"funct":0,"comment":"no comments we indicated.","time":"2016-01-02T22:56:32.987Z"},{"name":"None Supplied","email":"None Supplied","read":0,"usage":0,"funct":0,"comment":"no comments we indicated.","time":"2016-01-02T22:58:18.991Z"},{"name":"None Supplied","email":"None Supplied","read":0,"usage":0,"funct":0,"comment":"no comments we indicated.","time":"2016-01-02T22:59:17.867Z"},{"name":"None Supplied","email":"None Supplied","read":0,"usage":0,"funct":0,"comment":"no comments we indicated.","time":"2016-01-02T23:01:33.530Z"},{"name":"None Supplied","email":"None Supplied","read":0,"usage":0,"funct":0,"comment":"no comments we indicated.","time":"2016-01-02T23:05:57.843Z"},{"name":"None Supplied","email":"None Supplied","read":0,"usage":0,"funct":0,"comment":"no comments we indicated.","time":"2016-01-02T23:07:16.671Z"},{"name":"None Supplied","email":"None Supplied","read":0,"usage":0,"funct":0,"comment":"no comments we indicated.","time":"2016-01-02T23:08:36.817Z"},{"name":"None Supplied","email":"None Supplied","read":0,"usage":0,"funct":0,"comment":"no comments we indicated.","time":"2016-01-02T23:09:35.918Z"},{"name":"None Supplied","email":"None Supplied","read":0,"usage":0,"funct":0,"comment":"no comments we indicated.","time":"2016-01-02T23:09:47.338Z"},{"name":"None Supplied","email":"None Supplied","read":0,"usage":0,"funct":0,"comment":"no comments we indicated.","time":"2016-01-02T23:20:40.940Z"}]